{"cameraMode":{"drawMode":0,"name":"Shaded","section":"Shading Mode"},"sceneLighting":false,"audioPlay":false,"sceneViewState":{"showFog":true,"showMaterialUpdate":false,"showSkybox":false,"showFlares":true,"showImageEffects":true,"showParticleSystems":true},"in2DMode":false,"pivot":{"x":0.0750911682844162,"y":0.1445673257112503,"z":-8.297842025756836},"rotation":{"x":-0.02580554597079754,"y":-0.00989887397736311,"z":0.0002564570168033242,"w":-0.999622106552124},"size":0.02994561195373535,"orthographic":false}