{"cameraMode":{"drawMode":0,"name":"Shaded","section":"Shading Mode"},"sceneLighting":true,"audioPlay":false,"sceneViewState":{"showFog":true,"showMaterialUpdate":false,"showSkybox":true,"showFlares":true,"showImageEffects":true,"showParticleSystems":true},"in2DMode":false,"pivot":{"x":407.131591796875,"y":-71.1647720336914,"z":331.021484375},"rotation":{"x":0.09439095854759217,"y":-0.07608713209629059,"z":0.007234995719045401,"w":0.9926003813743591},"size":904.8966674804688,"orthographic":false}